{
    "cross site refer forgeri": "session ride",
    "broken object level author": "insecur direct object refer",
    "cross site port attack": "xspa",
    "local file inclus": "remot file includ",
    "array index underflow": "bound array index",
    "on path attack": "man middl",
    "insecur librari load": "dll preload",
    "php object inject": "deseri",
    "cross domain redirect": "open redirect",
    "billion laugh attack": "xee",
    "ui redress attack": "clickjack",
    "excel macro inject": "csv inject",
    "remot file inclus": "remot file includ",
    "xml extern entiti": "xxe",
    "xml entiti expans": "xee",
    "path travers": "directori travers",
    "symlink vulner": "symlink follow",
    "shell metacharact": "shell inject",
    "html inject": "xss",
    "output valid": "output sanit",
    "output encod": "output sanit",
    "buffer overrun": "buffer overflow",
    "memori safeti": "buffer overflow",
    "unbound transfer": "classic buffer overflow",
    "length tamper": "length manipul",
    "allow list": "allowlist",
    "safe list": "allowlist",
    "white list": "allowlist",
    "deni list": "denylist",
    "block list": "denylist",
    "black list": "denylist",
    "inform leak": "inform disclosur",
    "intercept attack": "man middl",
    "privaci leak": "privaci violat",
    "privaci leakag": "privaci violat",
    "binari plant": "dll preload",
    "depend confus": "dll preload",
    "emerg fault": "interact error",
    "horizont author": "insecur direct object refer",
    "xml bomb": "xee",
    "brute forc": "insuffici anti autom",
    "formula inject": "csv inject",
    "catastroph backtrack": "redo",
    "resourc inject": "insecur direct object refer",
    "buffer underflow": "buffer underrun",
    "buffer underwrit": "buffer underrun",
    "access control": "author",
    "callabl element": "callabl",
    "css": "xss",
    "rfi": "remot file includ",
    "safelist": "allowlist",
    "whitelist": "allowlist",
    "blocklist": "denylist",
    "blacklist": "denylist",
    "authz": "author",
    "authn": "authentif",
    "authc": "authentif",
    "mitm": "man middl",
    "pitm": "man middl",
    "xsrf": "session ride",
    "tocctou": "tocttou",
    "idor": "insecur direct object refer",
    "bola": "insecur direct object refer",
    "autobind": "mass assign",
    "tapjack": "clickjack",
    "refer": "referr",
    "marshal": "serial",
    "pickl": "serial",
    "unmarsh": "deseri",
    "unpickl": "deseri",
    "homoglyph": "homograph",
    "miss": "improp",
    "incorrect": "insuffici",
    "time check time use": "toctttou",
    "regular express denial servic": "redo",
    "index rang": "bound array index",
    "person middl": "man middl",
    "monkey middl": "man middl",
    "monster middl": "man middl",
    "stack base buffer overflow": "stack overflow",
    "use free": "dangl pointer",
    "cross site redirect": "open redirect",
    "cross site script": "xss",
    "window symbol link follow": "symlink"
}