{
    "699": {
        "1228": {
            "242": {},
            "474": {},
            "475": {},
            "477": {},
            "676": {},
            "695": {},
            "749": {}
        },
        "1210": {
            "117": {},
            "222": {},
            "223": {},
            "224": {},
            "532": {},
            "778": {},
            "779": {}
        },
        "1211": {
            "288": {},
            "290": {},
            "294": {},
            "295": {},
            "296": {},
            "299": {},
            "303": {},
            "304": {},
            "305": {},
            "306": {},
            "307": {},
            "308": {},
            "309": {},
            "322": {},
            "603": {},
            "645": {},
            "804": {},
            "836": {}
        },
        "1212": {
            "425": {},
            "551": {},
            "612": {},
            "639": {},
            "939": {},
            "842": {},
            "1220": {}
        },
        "1006": {
            "478": {},
            "487": {},
            "489": {},
            "546": {},
            "547": {},
            "561": {},
            "562": {},
            "563": {},
            "581": {},
            "586": {},
            "605": {},
            "621": {},
            "627": {},
            "628": {},
            "694": {},
            "1041": {},
            "1043": {},
            "1044": {},
            "1045": {},
            "1046": {},
            "1048": {},
            "1049": {},
            "1050": {},
            "1063": {},
            "1065": {},
            "1066": {},
            "1067": {},
            "1070": {},
            "1071": {},
            "1072": {},
            "1073": {},
            "1079": {},
            "1082": {},
            "1084": {},
            "1085": {},
            "1087": {},
            "1089": {},
            "1091": {},
            "1092": {},
            "1094": {},
            "1097": {},
            "1098": {},
            "1099": {},
            "1101": {},
            "1102": {},
            "1103": {},
            "1104": {},
            "1106": {},
            "1107": {},
            "1108": {},
            "1109": {},
            "1113": {},
            "1114": {},
            "1115": {},
            "1116": {},
            "1117": {},
            "1126": {},
            "1127": {},
            "1235": {}
        },
        "438": {
            "115": {},
            "179": {},
            "408": {},
            "437": {},
            "439": {},
            "440": {},
            "444": {},
            "480": {},
            "483": {},
            "484": {},
            "551": {},
            "698": {},
            "733": {},
            "783": {},
            "835": {},
            "837": {},
            "841": {},
            "1025": {},
            "1037": {}
        },
        "840": {
            "283": {},
            "288": {},
            "639": {},
            "640": {},
            "708": {},
            "770": {},
            "826": {},
            "837": {},
            "841": {}
        },
        "417": {
            "322": {},
            "346": {},
            "385": {},
            "419": {},
            "420": {},
            "425": {},
            "515": {},
            "924": {},
            "940": {},
            "941": {}
        },
        "1226": {
            "1043": {},
            "1047": {},
            "1055": {},
            "1056": {},
            "1060": {},
            "1064": {},
            "1074": {},
            "1075": {},
            "1080": {},
            "1086": {},
            "1095": {},
            "1119": {},
            "1121": {},
            "1122": {},
            "1123": {},
            "1124": {},
            "1125": {}
        },
        "557": {
            "363": {},
            "364": {},
            "365": {},
            "366": {},
            "367": {},
            "368": {},
            "386": {},
            "421": {},
            "567": {},
            "585": {},
            "663": {},
            "820": {},
            "821": {},
            "1058": {},
            "1088": {}
        },
        "255": {
            "256": {},
            "257": {},
            "260": {},
            "261": {},
            "262": {},
            "263": {},
            "324": {},
            "521": {},
            "523": {},
            "549": {},
            "620": {},
            "640": {},
            "798": {},
            "916": {}
        },
        "310": {
            "261": {},
            "324": {},
            "325": {},
            "328": {},
            "331": {},
            "334": {},
            "335": {},
            "338": {},
            "347": {},
            "916": {},
            "1240": {}
        },
        "320": {
            "321": {},
            "322": {},
            "323": {},
            "324": {}
        },
        "1214": {
            "322": {},
            "346": {},
            "347": {},
            "348": {},
            "349": {},
            "351": {},
            "353": {},
            "354": {},
            "494": {},
            "565": {},
            "649": {},
            "829": {},
            "924": {}
        },
        "19": {
            "130": {},
            "166": {},
            "167": {},
            "168": {},
            "178": {},
            "182": {},
            "186": {},
            "229": {},
            "233": {},
            "237": {},
            "241": {},
            "409": {},
            "471": {},
            "472": {},
            "601": {},
            "611": {},
            "624": {},
            "625": {},
            "776": {},
            "1024": {}
        },
        "137": {
            "76": {},
            "78": {},
            "79": {},
            "88": {},
            "89": {},
            "90": {},
            "91": {},
            "93": {},
            "94": {},
            "96": {},
            "117": {},
            "140": {},
            "170": {},
            "188": {},
            "462": {},
            "463": {},
            "464": {},
            "641": {},
            "643": {},
            "652": {},
            "791": {},
            "795": {},
            "838": {},
            "917": {},
            "1236": {}
        },
        "1225": {
            "1053": {},
            "1068": {},
            "1110": {},
            "1111": {},
            "1112": {},
            "1118": {}
        },
        "1219": {
            "23": {},
            "36": {},
            "41": {},
            "59": {},
            "66": {},
            "378": {},
            "379": {},
            "426": {},
            "427": {},
            "428": {}
        },
        "1227": {
            "1054": {},
            "1057": {},
            "1062": {},
            "1083": {},
            "1090": {},
            "1100": {},
            "1105": {}
        },
        "389": {
            "209": {},
            "248": {},
            "252": {},
            "253": {},
            "390": {},
            "391": {},
            "392": {},
            "393": {},
            "394": {},
            "395": {},
            "396": {},
            "397": {},
            "544": {},
            "584": {},
            "600": {},
            "617": {},
            "756": {},
            "1069": {}
        },
        "569": {
            "480": {},
            "570": {},
            "571": {},
            "588": {},
            "595": {},
            "783": {}
        },
        "429": {
            "430": {},
            "431": {},
            "432": {},
            "433": {},
            "434": {},
            "479": {}
        },
        "199": {
            "201": {},
            "204": {},
            "205": {},
            "208": {},
            "209": {},
            "212": {},
            "213": {},
            "214": {},
            "215": {},
            "312": {},
            "319": {},
            "359": {},
            "497": {},
            "524": {},
            "532": {},
            "540": {},
            "921": {},
            "1230": {}
        },
        "452": {
            "226": {},
            "454": {},
            "455": {},
            "459": {},
            "460": {},
            "1051": {},
            "1052": {},
            "1188": {}
        },
        "1215": {
            "112": {},
            "129": {},
            "179": {},
            "183": {},
            "184": {},
            "606": {},
            "641": {},
            "1173": {}
        },
        "1216": {
            "645": {}
        },
        "1218": {
            "120": {},
            "123": {},
            "124": {},
            "125": {},
            "131": {},
            "786": {},
            "787": {},
            "788": {},
            "805": {}
        },
        "189": {
            "128": {},
            "190": {},
            "191": {},
            "192": {},
            "193": {},
            "197": {},
            "198": {},
            "369": {},
            "681": {},
            "839": {},
            "1077": {},
            "1339": {}
        },
        "275": {
            "276": {},
            "277": {},
            "278": {},
            "279": {},
            "280": {},
            "281": {},
            "618": {},
            "766": {},
            "767": {}
        },
        "465": {
            "466": {},
            "467": {},
            "468": {},
            "469": {},
            "476": {},
            "587": {},
            "588": {},
            "763": {},
            "822": {},
            "823": {},
            "824": {},
            "825": {}
        },
        "265": {
            "243": {},
            "250": {},
            "266": {},
            "267": {},
            "268": {},
            "270": {},
            "272": {},
            "273": {},
            "274": {},
            "280": {},
            "501": {},
            "580": {},
            "648": {}
        },
        "1213": {
            "331": {},
            "334": {},
            "335": {},
            "338": {},
            "341": {},
            "342": {},
            "343": {},
            "1241": {}
        },
        "411": {
            "412": {},
            "413": {},
            "414": {},
            "609": {},
            "764": {},
            "765": {},
            "832": {},
            "833": {}
        },
        "399": {
            "73": {},
            "403": {},
            "410": {},
            "470": {},
            "502": {},
            "619": {},
            "641": {},
            "694": {},
            "763": {},
            "770": {},
            "771": {},
            "772": {},
            "826": {},
            "908": {},
            "909": {},
            "910": {},
            "911": {},
            "914": {},
            "915": {},
            "920": {},
            "1188": {}
        },
        "387": {
            "364": {},
            "432": {},
            "828": {},
            "831": {}
        },
        "371": {
            "15": {},
            "372": {},
            "374": {},
            "375": {},
            "1265": {}
        },
        "133": {
            "134": {},
            "135": {},
            "597": {}
        },
        "136": {
            "681": {},
            "843": {}
        },
        "355": {
            "317": {},
            "356": {},
            "357": {},
            "447": {},
            "448": {},
            "449": {},
            "450": {},
            "549": {},
            "1007": {},
            "1021": {}
        },
        "1217": {
            "488": {},
            "613": {},
            "841": {}
        }
    }
}