{
    "1000": {
        "284": {
            "1191": {},
            "1220": {
                "1222": {}
            },
            "1224": {},
            "1231": {},
            "1233": {},
            "1242": {},
            "1252": {},
            "1257": {},
            "1259": {},
            "1260": {},
            "1262": {},
            "1263": {
                "1243": {}
            },
            "1267": {},
            "1268": {},
            "1270": {},
            "1274": {},
            "1275": {},
            "1276": {},
            "1280": {},
            "1283": {},
            "1290": {},
            "1292": {},
            "1294": {
                "1302": {}
            },
            "1296": {},
            "1304": {},
            "1311": {},
            "1312": {},
            "1313": {},
            "1315": {},
            "1316": {},
            "1317": {},
            "1320": {},
            "1323": {},
            "1334": {},
            "269": {
                "250": {},
                "266": {
                    "1022": {},
                    "520": {},
                    "556": {},
                    "9": {}
                },
                "267": {
                    "623": {}
                },
                "268": {},
                "270": {},
                "271": {
                    "272": {},
                    "273": {}
                },
                "274": {},
                "648": {}
            },
            "282": {
                "283": {},
                "708": {}
            },
            "285": {
                "1230": {
                    "202": {},
                    "612": {}
                },
                "1256": {},
                "1297": {},
                "1328": {},
                "552": {
                    "219": {
                        "433": {}
                    },
                    "220": {},
                    "527": {},
                    "528": {},
                    "529": {},
                    "530": {},
                    "539": {},
                    "553": {}
                },
                "732": {
                    "1004": {},
                    "276": {},
                    "277": {},
                    "278": {},
                    "279": {},
                    "281": {}
                },
                "862": {
                    "1314": {},
                    "425": {},
                    "638": {
                        "424": {
                            "425": {}
                        }
                    },
                    "939": {}
                },
                "863": {
                    "1244": {},
                    "551": {},
                    "639": {
                        "566": {}
                    },
                    "647": {},
                    "804": {}
                },
                "926": {},
                "927": {}
            },
            "286": {
                "842": {}
            },
            "287": {
                "261": {},
                "262": {},
                "263": {},
                "288": {
                    "1299": {},
                    "425": {}
                },
                "289": {},
                "290": {
                    "291": {},
                    "293": {},
                    "350": {}
                },
                "294": {},
                "295": {
                    "296": {},
                    "297": {},
                    "298": {},
                    "299": {
                        "370": {}
                    },
                    "599": {}
                },
                "301": {},
                "302": {},
                "303": {},
                "304": {},
                "305": {},
                "306": {},
                "307": {},
                "308": {},
                "309": {},
                "521": {
                    "258": {}
                },
                "522": {
                    "256": {},
                    "257": {},
                    "260": {
                        "13": {},
                        "258": {},
                        "555": {}
                    },
                    "523": {},
                    "549": {}
                },
                "593": {},
                "603": {},
                "620": {},
                "640": {},
                "645": {},
                "798": {
                    "259": {},
                    "321": {}
                },
                "804": {},
                "836": {}
            },
            "346": {},
            "923": {
                "291": {},
                "297": {},
                "300": {
                    "1324": {}
                },
                "322": {},
                "350": {},
                "419": {},
                "420": {
                    "1299": {},
                    "421": {},
                    "422": {}
                },
                "925": {},
                "940": {},
                "941": {}
            },
            "942": {}
        },
        "435": {
            "1038": {
                "1037": {},
                "733": {
                    "14": {}
                }
            },
            "188": {
                "198": {}
            },
            "436": {
                "115": {},
                "437": {},
                "444": {},
                "626": {},
                "650": {},
                "86": {}
            },
            "439": {}
        },
        "664": {
            "118": {
                "119": {
                    "120": {
                        "785": {}
                    },
                    "125": {
                        "126": {},
                        "127": {}
                    },
                    "466": {},
                    "680": {},
                    "786": {
                        "124": {},
                        "127": {}
                    },
                    "787": {
                        "121": {},
                        "122": {},
                        "123": {},
                        "124": {}
                    },
                    "788": {
                        "121": {},
                        "122": {},
                        "126": {}
                    },
                    "805": {
                        "806": {}
                    },
                    "822": {},
                    "823": {},
                    "824": {},
                    "825": {
                        "415": {},
                        "416": {}
                    }
                }
            },
            "1229": {
                "514": {
                    "385": {},
                    "515": {}
                }
            },
            "1246": {},
            "1250": {
                "1249": {},
                "1251": {}
            },
            "1329": {
                "1277": {},
                "1310": {}
            },
            "221": {
                "222": {},
                "223": {
                    "778": {}
                },
                "224": {},
                "356": {},
                "396": {},
                "397": {},
                "451": {
                    "1007": {},
                    "1021": {}
                }
            },
            "372": {},
            "400": {
                "1235": {},
                "770": {
                    "1325": {},
                    "774": {},
                    "789": {}
                },
                "771": {
                    "773": {}
                },
                "779": {},
                "920": {}
            },
            "404": {
                "1266": {},
                "262": {},
                "263": {},
                "299": {
                    "370": {}
                },
                "459": {
                    "226": {
                        "1239": {},
                        "1272": {},
                        "1301": {
                            "1330": {}
                        },
                        "1342": {},
                        "244": {}
                    },
                    "460": {},
                    "568": {}
                },
                "763": {
                    "761": {},
                    "762": {
                        "590": {}
                    }
                },
                "772": {
                    "1091": {},
                    "401": {},
                    "775": {}
                }
            },
            "405": {
                "1050": {},
                "1072": {},
                "1073": {},
                "1084": {},
                "1089": {},
                "1094": {},
                "1176": {
                    "1042": {},
                    "1046": {},
                    "1049": {},
                    "1063": {},
                    "1067": {}
                },
                "406": {},
                "407": {
                    "1333": {}
                },
                "408": {},
                "409": {
                    "776": {}
                }
            },
            "410": {},
            "471": {
                "291": {},
                "472": {},
                "473": {},
                "607": {}
            },
            "487": {},
            "495": {},
            "496": {},
            "501": {},
            "580": {},
            "610": {
                "15": {},
                "384": {},
                "441": {
                    "1021": {},
                    "918": {}
                },
                "470": {},
                "601": {},
                "611": {},
                "73": {
                    "114": {}
                }
            },
            "662": {
                "1058": {},
                "663": {
                    "479": {},
                    "558": {}
                },
                "667": {
                    "1232": {},
                    "1233": {},
                    "1234": {},
                    "412": {},
                    "413": {
                        "591": {}
                    },
                    "414": {},
                    "609": {},
                    "764": {},
                    "765": {},
                    "832": {},
                    "833": {}
                },
                "820": {
                    "1096": {},
                    "543": {},
                    "567": {}
                },
                "821": {
                    "1088": {},
                    "1264": {},
                    "572": {},
                    "574": {}
                }
            },
            "665": {
                "1051": {},
                "1052": {},
                "1188": {
                    "453": {}
                },
                "1221": {},
                "1271": {},
                "1279": {},
                "454": {},
                "455": {},
                "770": {
                    "1325": {},
                    "774": {},
                    "789": {}
                },
                "908": {
                    "457": {}
                },
                "909": {
                    "456": {}
                }
            },
            "666": {
                "415": {},
                "593": {},
                "605": {},
                "672": {
                    "298": {},
                    "324": {},
                    "613": {},
                    "825": {
                        "415": {},
                        "416": {}
                    },
                    "910": {}
                },
                "826": {}
            },
            "668": {
                "1189": {
                    "1303": {}
                },
                "1282": {},
                "1327": {},
                "1331": {},
                "134": {},
                "200": {
                    "1258": {},
                    "1273": {},
                    "1295": {},
                    "201": {
                        "598": {}
                    },
                    "203": {
                        "1300": {
                            "1255": {}
                        },
                        "1303": {},
                        "204": {},
                        "205": {
                            "206": {},
                            "207": {}
                        },
                        "208": {
                            "1254": {}
                        }
                    },
                    "209": {
                        "210": {},
                        "211": {
                            "535": {},
                            "536": {},
                            "537": {}
                        },
                        "550": {}
                    },
                    "213": {},
                    "215": {},
                    "359": {},
                    "497": {
                        "214": {},
                        "526": {},
                        "548": {}
                    },
                    "538": {
                        "532": {},
                        "540": {
                            "531": {},
                            "541": {},
                            "615": {}
                        },
                        "651": {}
                    }
                },
                "22": {
                    "23": {
                        "24": {},
                        "25": {},
                        "26": {},
                        "27": {},
                        "28": {},
                        "29": {},
                        "30": {},
                        "31": {},
                        "32": {},
                        "33": {},
                        "34": {},
                        "35": {}
                    },
                    "36": {
                        "37": {},
                        "38": {},
                        "39": {},
                        "40": {}
                    }
                },
                "374": {},
                "375": {},
                "377": {
                    "378": {},
                    "379": {}
                },
                "402": {
                    "403": {},
                    "619": {}
                },
                "427": {},
                "428": {},
                "488": {},
                "491": {},
                "492": {},
                "493": {
                    "500": {}
                },
                "498": {},
                "499": {},
                "522": {
                    "256": {},
                    "257": {},
                    "260": {
                        "13": {},
                        "258": {},
                        "555": {}
                    },
                    "523": {},
                    "549": {}
                },
                "524": {
                    "525": {}
                },
                "552": {
                    "219": {
                        "433": {}
                    },
                    "220": {},
                    "527": {},
                    "528": {},
                    "529": {},
                    "530": {},
                    "539": {},
                    "553": {}
                },
                "582": {},
                "583": {},
                "608": {},
                "642": {
                    "15": {},
                    "426": {},
                    "472": {},
                    "565": {
                        "784": {}
                    },
                    "73": {
                        "114": {}
                    }
                },
                "732": {
                    "1004": {},
                    "276": {},
                    "277": {},
                    "278": {},
                    "279": {},
                    "281": {}
                },
                "767": {},
                "8": {},
                "927": {}
            },
            "669": {
                "212": {
                    "1258": {},
                    "226": {
                        "1239": {},
                        "1272": {},
                        "1301": {
                            "1330": {}
                        },
                        "1342": {},
                        "244": {}
                    }
                },
                "243": {},
                "434": {},
                "494": {},
                "602": {
                    "565": {
                        "784": {}
                    },
                    "603": {}
                },
                "829": {
                    "827": {},
                    "830": {},
                    "98": {}
                }
            },
            "673": {
                "426": {}
            },
            "704": {
                "588": {},
                "681": {
                    "192": {},
                    "194": {},
                    "195": {},
                    "196": {},
                    "197": {}
                },
                "843": {}
            },
            "706": {
                "178": {},
                "22": {
                    "23": {
                        "24": {},
                        "25": {},
                        "26": {},
                        "27": {},
                        "28": {},
                        "29": {},
                        "30": {},
                        "31": {},
                        "32": {},
                        "33": {},
                        "34": {},
                        "35": {}
                    },
                    "36": {
                        "37": {},
                        "38": {},
                        "39": {},
                        "40": {}
                    }
                },
                "386": {},
                "41": {
                    "42": {
                        "43": {}
                    },
                    "44": {
                        "45": {}
                    },
                    "46": {},
                    "47": {},
                    "48": {},
                    "49": {},
                    "50": {},
                    "51": {},
                    "52": {},
                    "53": {},
                    "54": {},
                    "55": {},
                    "56": {},
                    "57": {},
                    "58": {}
                },
                "59": {
                    "61": {},
                    "62": {},
                    "64": {},
                    "65": {}
                },
                "66": {
                    "67": {},
                    "69": {},
                    "72": {}
                },
                "827": {},
                "98": {}
            },
            "749": {
                "618": {},
                "782": {}
            },
            "911": {},
            "913": {
                "470": {},
                "502": {},
                "914": {
                    "621": {},
                    "627": {}
                },
                "915": {
                    "1321": {}
                },
                "94": {
                    "1336": {},
                    "95": {},
                    "96": {
                        "97": {}
                    }
                }
            },
            "922": {
                "312": {
                    "313": {},
                    "314": {},
                    "315": {},
                    "316": {},
                    "317": {},
                    "318": {}
                },
                "921": {}
            }
        },
        "682": {
            "128": {},
            "131": {},
            "1335": {},
            "1339": {},
            "135": {},
            "190": {},
            "191": {},
            "193": {},
            "369": {},
            "467": {},
            "468": {},
            "469": {}
        },
        "691": {
            "1265": {},
            "1281": {},
            "362": {
                "1223": {},
                "1298": {},
                "364": {
                    "432": {},
                    "828": {
                        "479": {}
                    },
                    "831": {}
                },
                "366": {},
                "367": {
                    "363": {},
                    "365": {}
                },
                "368": {},
                "421": {},
                "689": {}
            },
            "430": {},
            "431": {},
            "623": {},
            "662": {
                "1058": {},
                "663": {
                    "479": {},
                    "558": {}
                },
                "667": {
                    "1232": {},
                    "1233": {},
                    "1234": {},
                    "412": {},
                    "413": {
                        "591": {}
                    },
                    "414": {},
                    "609": {},
                    "764": {},
                    "765": {},
                    "832": {},
                    "833": {}
                },
                "820": {
                    "1096": {},
                    "543": {},
                    "567": {}
                },
                "821": {
                    "1088": {},
                    "1264": {},
                    "572": {},
                    "574": {}
                }
            },
            "670": {
                "480": {
                    "481": {},
                    "482": {},
                    "597": {}
                },
                "483": {},
                "484": {},
                "617": {},
                "698": {},
                "783": {}
            },
            "674": {
                "776": {}
            },
            "696": {
                "1190": {},
                "1193": {},
                "1280": {},
                "179": {
                    "180": {},
                    "181": {}
                },
                "408": {},
                "551": {}
            },
            "705": {
                "248": {
                    "600": {}
                },
                "382": {},
                "395": {},
                "396": {},
                "397": {},
                "455": {},
                "584": {},
                "698": {}
            },
            "749": {
                "618": {},
                "782": {}
            },
            "768": {},
            "799": {
                "307": {},
                "837": {}
            },
            "834": {
                "1322": {},
                "835": {}
            },
            "841": {},
            "94": {
                "1336": {},
                "95": {},
                "96": {
                    "97": {}
                }
            }
        },
        "693": {
            "1039": {},
            "1248": {},
            "1253": {},
            "1269": {},
            "1278": {},
            "1291": {},
            "1318": {},
            "1319": {},
            "1326": {},
            "1338": {},
            "182": {},
            "184": {},
            "311": {
                "312": {
                    "313": {},
                    "314": {},
                    "315": {},
                    "316": {},
                    "317": {},
                    "318": {}
                },
                "319": {
                    "5": {}
                },
                "614": {}
            },
            "326": {
                "261": {},
                "328": {}
            },
            "327": {
                "1240": {},
                "328": {},
                "780": {},
                "916": {
                    "759": {},
                    "760": {}
                }
            },
            "330": {
                "1204": {
                    "329": {}
                },
                "1241": {},
                "331": {
                    "332": {},
                    "333": {}
                },
                "334": {
                    "6": {}
                },
                "335": {
                    "336": {},
                    "337": {},
                    "339": {}
                },
                "338": {},
                "340": {
                    "341": {},
                    "342": {},
                    "343": {}
                },
                "344": {
                    "323": {},
                    "587": {},
                    "798": {
                        "259": {},
                        "321": {}
                    }
                },
                "804": {}
            },
            "345": {
                "1293": {},
                "346": {},
                "347": {},
                "348": {},
                "349": {},
                "351": {},
                "352": {},
                "353": {},
                "354": {},
                "360": {
                    "422": {}
                },
                "494": {},
                "616": {},
                "646": {},
                "649": {},
                "924": {}
            },
            "357": {
                "450": {}
            },
            "358": {},
            "424": {
                "425": {}
            },
            "602": {
                "565": {
                    "784": {}
                },
                "603": {}
            },
            "653": {
                "1189": {
                    "1303": {}
                },
                "1331": {}
            },
            "654": {
                "308": {},
                "309": {}
            },
            "655": {},
            "656": {},
            "757": {},
            "778": {},
            "807": {
                "302": {},
                "350": {},
                "784": {}
            }
        },
        "697": {
            "1023": {
                "184": {},
                "187": {},
                "478": {},
                "839": {}
            },
            "1024": {},
            "1025": {
                "486": {},
                "595": {
                    "597": {}
                }
            },
            "1039": {},
            "1077": {},
            "1254": {},
            "183": {
                "942": {}
            },
            "185": {
                "1333": {},
                "186": {},
                "625": {
                    "777": {}
                }
            },
            "581": {}
        },
        "703": {
            "1247": {},
            "1332": {},
            "1351": {},
            "166": {},
            "167": {},
            "168": {},
            "228": {
                "229": {
                    "230": {},
                    "231": {},
                    "232": {}
                },
                "233": {
                    "234": {},
                    "235": {},
                    "236": {}
                },
                "237": {
                    "238": {},
                    "239": {},
                    "240": {
                        "130": {}
                    }
                },
                "241": {}
            },
            "248": {
                "600": {}
            },
            "274": {},
            "333": {},
            "392": {},
            "393": {},
            "397": {},
            "754": {
                "252": {},
                "253": {},
                "273": {},
                "354": {},
                "391": {},
                "394": {},
                "476": {
                    "690": {}
                }
            },
            "755": {
                "1261": {},
                "209": {
                    "210": {},
                    "211": {
                        "535": {},
                        "536": {},
                        "537": {}
                    },
                    "550": {}
                },
                "280": {},
                "390": {},
                "395": {},
                "396": {},
                "460": {},
                "544": {},
                "636": {
                    "455": {}
                },
                "756": {
                    "12": {},
                    "7": {}
                }
            }
        },
        "707": {
            "116": {
                "117": {},
                "644": {},
                "838": {}
            },
            "138": {
                "140": {
                    "141": {},
                    "142": {},
                    "143": {},
                    "144": {},
                    "145": {},
                    "146": {}
                },
                "147": {
                    "626": {}
                },
                "148": {},
                "149": {},
                "150": {},
                "151": {},
                "152": {},
                "153": {},
                "154": {},
                "155": {
                    "56": {}
                },
                "156": {},
                "157": {},
                "158": {},
                "159": {
                    "166": {},
                    "167": {},
                    "168": {}
                },
                "160": {
                    "161": {
                        "50": {}
                    },
                    "37": {}
                },
                "162": {
                    "163": {
                        "43": {},
                        "52": {}
                    },
                    "42": {
                        "43": {}
                    },
                    "46": {},
                    "49": {},
                    "54": {}
                },
                "164": {
                    "165": {
                        "45": {},
                        "53": {}
                    }
                },
                "464": {},
                "790": {
                    "791": {
                        "792": {
                            "793": {},
                            "794": {}
                        },
                        "795": {
                            "796": {},
                            "797": {}
                        }
                    }
                }
            },
            "170": {},
            "172": {
                "173": {},
                "174": {},
                "175": {},
                "176": {},
                "177": {}
            },
            "20": {
                "1173": {
                    "102": {},
                    "105": {},
                    "106": {},
                    "108": {},
                    "109": {},
                    "1174": {},
                    "554": {}
                },
                "1284": {
                    "606": {},
                    "789": {}
                },
                "1285": {
                    "129": {},
                    "781": {}
                },
                "1286": {
                    "112": {}
                },
                "1287": {},
                "1288": {},
                "1289": {},
                "179": {
                    "180": {},
                    "181": {}
                },
                "622": {}
            },
            "228": {
                "229": {
                    "230": {},
                    "231": {},
                    "232": {}
                },
                "233": {
                    "234": {},
                    "235": {},
                    "236": {}
                },
                "237": {
                    "238": {},
                    "239": {},
                    "240": {
                        "130": {}
                    }
                },
                "241": {}
            },
            "240": {
                "130": {}
            },
            "463": {},
            "74": {
                "1236": {},
                "75": {
                    "76": {}
                },
                "77": {
                    "624": {},
                    "78": {},
                    "88": {},
                    "917": {}
                },
                "79": {
                    "692": {},
                    "80": {},
                    "81": {},
                    "83": {
                        "82": {}
                    },
                    "84": {},
                    "85": {},
                    "86": {},
                    "87": {}
                },
                "91": {
                    "643": {},
                    "652": {}
                },
                "93": {
                    "113": {}
                },
                "94": {
                    "1336": {},
                    "95": {},
                    "96": {
                        "97": {}
                    }
                },
                "943": {
                    "643": {},
                    "652": {},
                    "89": {
                        "564": {}
                    },
                    "90": {}
                },
                "99": {
                    "641": {},
                    "694": {
                        "102": {},
                        "462": {}
                    },
                    "914": {
                        "621": {},
                        "627": {}
                    }
                }
            }
        },
        "710": {
            "1041": {},
            "1044": {},
            "1048": {},
            "1059": {
                "1053": {},
                "1110": {},
                "1111": {},
                "1112": {},
                "1118": {}
            },
            "1061": {
                "1054": {},
                "1057": {},
                "1062": {},
                "1083": {},
                "1090": {},
                "1100": {},
                "1105": {
                    "188": {
                        "198": {}
                    }
                },
                "766": {}
            },
            "1065": {},
            "1066": {},
            "1068": {},
            "107": {},
            "1070": {},
            "1076": {
                "1045": {},
                "1078": {
                    "1085": {},
                    "1099": {},
                    "1106": {},
                    "1107": {},
                    "1109": {},
                    "1113": {},
                    "1114": {},
                    "1115": {},
                    "1116": {},
                    "1117": {},
                    "546": {},
                    "547": {}
                },
                "1079": {},
                "1082": {},
                "1087": {},
                "1091": {},
                "1097": {},
                "1098": {},
                "1108": {},
                "586": {}
            },
            "1092": {},
            "1093": {
                "1043": {},
                "1055": {},
                "1074": {},
                "1086": {}
            },
            "110": {},
            "1101": {},
            "1104": {},
            "1120": {
                "1047": {},
                "1056": {},
                "1060": {},
                "1064": {},
                "1075": {},
                "1080": {},
                "1095": {},
                "1119": {},
                "1121": {},
                "1122": {},
                "1123": {},
                "1124": {},
                "1125": {}
            },
            "1126": {},
            "1127": {},
            "1164": {
                "1071": {
                    "1069": {},
                    "585": {}
                },
                "561": {},
                "563": {}
            },
            "1177": {
                "242": {},
                "676": {
                    "785": {}
                }
            },
            "1209": {},
            "476": {
                "690": {}
            },
            "477": {},
            "484": {},
            "489": {
                "11": {}
            },
            "506": {
                "507": {
                    "508": {},
                    "509": {}
                },
                "510": {},
                "511": {},
                "512": {}
            },
            "570": {},
            "571": {},
            "573": {
                "103": {},
                "104": {},
                "243": {},
                "253": {},
                "296": {},
                "304": {},
                "325": {},
                "329": {},
                "358": {},
                "475": {},
                "568": {},
                "577": {},
                "578": {},
                "579": {},
                "580": {},
                "581": {},
                "628": {
                    "683": {},
                    "685": {},
                    "686": {},
                    "687": {
                        "560": {}
                    },
                    "688": {}
                },
                "675": {
                    "1341": {
                        "415": {}
                    },
                    "174": {},
                    "605": {},
                    "764": {},
                    "765": {}
                },
                "694": {
                    "102": {},
                    "462": {}
                },
                "695": {
                    "111": {},
                    "245": {},
                    "246": {},
                    "383": {},
                    "574": {},
                    "575": {},
                    "576": {}
                }
            },
            "594": {},
            "657": {
                "1192": {},
                "250": {},
                "636": {
                    "455": {}
                },
                "637": {},
                "638": {
                    "424": {
                        "425": {}
                    }
                },
                "653": {
                    "1189": {
                        "1303": {}
                    },
                    "1331": {}
                },
                "654": {
                    "308": {},
                    "309": {}
                },
                "655": {},
                "656": {},
                "671": {
                    "447": {},
                    "798": {
                        "259": {},
                        "321": {}
                    }
                }
            },
            "684": {
                "1245": {},
                "392": {},
                "393": {},
                "440": {},
                "446": {
                    "447": {},
                    "448": {},
                    "449": {}
                },
                "451": {
                    "1007": {},
                    "1021": {}
                }
            },
            "758": {
                "1038": {
                    "1037": {},
                    "733": {
                        "14": {}
                    }
                },
                "1102": {},
                "1103": {},
                "1105": {
                    "188": {
                        "198": {}
                    }
                },
                "474": {
                    "589": {}
                },
                "562": {},
                "587": {},
                "588": {}
            },
            "912": {}
        }
    }
}