{
    "1194": {
        "1195": {
            "1248": {},
            "1266": {},
            "1269": {},
            "1273": {},
            "1278": {},
            "1297": {}
        },
        "1196": {
            "1190": {},
            "1193": {},
            "1264": {},
            "1274": {},
            "1283": {},
            "1310": {},
            "1326": {},
            "1328": {}
        },
        "1197": {
            "1276": {}
        },
        "1198": {
            "276": {},
            "441": {},
            "1189": {},
            "1192": {},
            "1220": {},
            "1242": {},
            "1260": {},
            "1262": {},
            "1267": {},
            "1268": {},
            "1280": {},
            "1294": {
                "1259": {},
                "1270": {},
                "1290": {},
                "1292": {}
            },
            "1299": {},
            "1302": {},
            "1303": {},
            "1314": {},
            "1318": {},
            "1334": {}
        },
        "1199": {
            "1209": {},
            "1221": {},
            "1223": {},
            "1224": {},
            "1231": {},
            "1232": {},
            "1233": {},
            "1234": {},
            "1245": {},
            "1253": {},
            "1254": {},
            "1261": {},
            "1298": {}
        },
        "1201": {
            "1252": {},
            "1281": {},
            "1342": {}
        },
        "1202": {
            "226": {
                "1239": {},
                "1342": {}
            },
            "1246": {},
            "1251": {},
            "1257": {},
            "1282": {}
        },
        "1203": {
            "1311": {},
            "1312": {},
            "1315": {},
            "1316": {},
            "1317": {},
            "1319": {},
            "1331": {}
        },
        "1205": {
            "203": {
                "1300": {}
            },
            "325": {},
            "1240": {},
            "1241": {},
            "1279": {},
            "1351": {}
        },
        "1206": {
            "1232": {},
            "1247": {},
            "1255": {},
            "1256": {},
            "1271": {},
            "1304": {},
            "1314": {},
            "1320": {},
            "1332": {},
            "1338": {}
        },
        "1207": {
            "1191": {},
            "1234": {},
            "1243": {},
            "1244": {},
            "1258": {},
            "1272": {},
            "1291": {},
            "1295": {},
            "1296": {},
            "1313": {},
            "1323": {},
            "1324": {}
        },
        "1208": {
            "440": {},
            "1053": {},
            "1263": {},
            "1277": {},
            "1278": {},
            "1300": {},
            "1301": {
                "1330": {}
            }
        }
    }
}